{
  "hash": "a91125d0",
  "configHash": "25e417e4",
  "lockfileHash": "eac663df",
  "browserHash": "bfe5c90e",
  "optimized": {
    "vue": {
      "src": "../../node_modules/vue/dist/vue.runtime.esm-bundler.js",
      "file": "vue.js",
      "fileHash": "5395681b",
      "needsInterop": false
    },
    "vue-router": {
      "src": "../../node_modules/vue-router/dist/vue-router.mjs",
      "file": "vue-router.js",
      "fileHash": "377079aa",
      "needsInterop": false
    }
  },
  "chunks": {
    "chunk-CUOF2D23": {
      "file": "chunk-CUOF2D23.js"
    }
  }
}